diameterum,index,type,laser,sweepType,intrinsicQualityFactor,couplingQualityFactor,centerWavelengthnm,resnormFit
3.6,0,disc,New Focus,DC sweep,75143.5683493331,699989.707256501,1041.89805508888,-1
3.6,0,disc,New Focus,piezo sweep,35197.6025041452,503445.10193613,1041.84493718819,-1
3.6,0,disc,Santec,DC sweep,8091.14490676985,184161.420290196,1494.55357189179,0.0187036774157437
3.6,0,disc,Santec,DC sweep,3050.16382625267,11110.1632058695,1545.25821877309,51.607946676648
3.6,0,disc,Santec,DC sweep,6755.03481708729,237827.583858393,1585.30920190974,0.00398777738420975
3.6,0,disc,Santec,DC sweep,7559.99646048246,221913.069906217,1585.31765320546,0.00745845081469405
3.9,0,disc,New Focus,DC sweep,4279.15032386391,55064.9461874497,1030.51578080877,-1
3.9,0,disc,New Focus,DC sweep,15756.5323842573,251028.638787591,1030.93796565996,-1
3.9,0,disc,New Focus,DC sweep,11854.9640946911,105256.627260306,1050.38353186332,-1
3.9,0,disc,New Focus,DC sweep,19332.2440477621,187505.485076179,1055.32620697266,-1
3.9,0,disc,New Focus,piezo sweep,101958.559532437,207840.528126329,1054.39918,123.229848031695
3.9,0,disc,New Focus,piezo sweep,38496.5314441213,824578.18812863,1054.47748,-1
3.9,0,disc,New Focus,piezo sweep,102620.182669925,185608.155021134,1054.39918,-1
3.9,0,disc,New Focus,piezo sweep,78150.4317421402,580308.632727297,1054.47748,-1
3.9,0,disc,Santec,DC sweep,9514.84312390854,365415.699362365,1507.49607773263,-1
3.9,0,disc,Santec,DC sweep,25779.961910918,511350.908545017,1559.22921774854,0
3.9,0,disc,Santec,DC sweep,20139.3435268609,248649.798010905,1592.36315938838,0
3.9,0,disc,Santec,DC sweep,7913.16364146704,1038590.02424937,1636.39296789022,0.0177760890631227
4.2,0,disc,New Focus,DC sweep,48475.696888594,132364.58827693,1044.61664551289,0.0283488908031366
4.2,0,disc,New Focus,DC sweep,24771.7523453314,114543.381878842,1046.38220440322,-1
4.2,0,disc,New Focus,DC sweep,27805.9819416113,119969.049215742,1063.88547453552,-1
4.2,0,disc,New Focus,DC sweep,14079.74817828,531843.322283799,1064.08121710991,-1
4.2,0,disc,Santec,DC sweep,2076.72071029962,21482.2377002612,1490.50255627774,0.00635319185737637
4.2,0,disc,Santec,DC sweep,22069.1867987493,848665.850604912,1495.96440961168,-1
4.2,0,disc,Santec,DC sweep,34101.2903876613,1526856.91647457,1496.02298766357,-1
4.2,0,disc,Santec,DC sweep,32940.7074349078,1355579.29627599,1527.50080336054,-1
4.2,0,disc,Santec,DC sweep,27828.0936083096,4653820.63915169,1527.6636854732,-1
4.2,0,disc,Santec,DC sweep,27636.5721090519,1098206.5430513,1527.50080336054,-1
4.2,0,disc,Santec,DC sweep,26375.8494146649,2502289.34294839,1527.6636854732,-1
4.2,0,disc,Santec,DC sweep,2279.7907171109,124497.741741359,1556.47380930021,-1
4.2,0,disc,Santec,DC sweep,1943.03392702575,6729.13898713456,1560.92483473031,-1
4.2,0,disc,Santec,DC sweep,32564.7608046294,1057371.69436045,1577.04976151031,-1
4.2,0,disc,Santec,DC sweep,19889.8173264998,437247.213992607,1608.50909415474,-1
4.2,0,disc,Santec,DC sweep,17321.472467598,854775.132843587,1608.51315893108,-1
4.2,0,disc,Santec,DC sweep,20481.3541187068,454257.828671297,1608.50909415474,-1
4.2,0,disc,Santec,DC sweep,18331.6741315023,968698.506104874,1608.51315893108,-1
4.4,0,disc,New Focus,DC sweep,62267.6146896272,386525.859793547,1042.25517070489,-1
4.4,0,disc,New Focus,piezo sweep,122302.82116223,433290.874687845,1042.30739,9.51608447206943
4.4,0,disc,New Focus,piezo sweep,146849.866957162,1456508.38934702,1042.34277,-1
4.4,0,disc,New Focus,piezo sweep,106956.750703156,398588.937550527,1042.30739,-1
4.4,0,disc,New Focus,piezo sweep,147670.596558336,1179767.79947861,1042.34277,-1
4.4,0,disc,Santec,DC sweep,2867.98577493713,251956.946908482,1480.84548495919,-1
4.4,0,disc,Santec,DC sweep,4379.41242335135,14602.8259373118,1483.45240034778,-1
4.4,0,disc,Santec,DC sweep,6351.27698460741,238332.733835945,1510.07408298348,-1
4.4,0,disc,Santec,DC sweep,25384.7583159505,400977.400227609,1536.62018872987,-1
4.4,0,disc,Santec,DC sweep,4785.76387192732,10506.6401746432,1556.36772629475,-1
4.4,0,disc,Santec,DC sweep,23248.9211480101,637070.172591139,1586.86791426143,-1
4.7,0,disc,New Focus,DC sweep,34624.2868992981,51885.2413852389,1040.52581635808,0.528362597735186
4.7,0,disc,New Focus,piezo sweep,80173.358194385,709900.868365209,1038.32225,0.00848124497819677
4.7,0,disc,New Focus,piezo sweep,93538.1267751107,1939192.82779875,1038.39815,0.0155211651013956
4.7,0,disc,Santec,DC sweep,4635.33653912785,263840.956013097,1482.58982244912,0.00861137733438852
4.7,0,disc,Santec,DC sweep,7630.30096740267,586326.049811974,1485.28535180674,0.00271704023197005
4.7,0,disc,Santec,DC sweep,3108.06832367731,84098.1502890914,1490.36724429564,0.0282090634068963
4.7,0,disc,Santec,DC sweep,4807.53406301414,42463.0151350512,1494.3473779739,0.17627381957126
4.7,0,disc,Santec,DC sweep,3087.26091624939,95441.501837912,1558.23937454558,0.0297017780988886
4.7,0,disc,Santec,DC sweep,5148.88384652189,27810.4632337142,1564.46091031905,0.864045486559188
5,0,disc,New Focus,DC sweep,23008.6077979316,101519.158238899,1054.25506041629,0.00263233102820109
5,0,disc,New Focus,DC sweep,6596.77614734283,418205.387229762,1054.53340698264,0.0254178879230073
5,0,disc,New Focus,piezo sweep,30383.8686628141,532732.704691039,1042.50463,3.95185276155347
5,0,disc,Santec,DC sweep,6781.60971634115,56213.306903224,1486.38180501949,0.158236037682378
5,0,disc,Santec,DC sweep,12205.0947201801,419587.206067506,1487.91975589826,0.00301898378089589
5,0,disc,Santec,DC sweep,6888.759530714,58386.5138259401,1516.77974278958,0.156968328142108
5,0,disc,Santec,DC sweep,28750.9181617772,632909.233104196,1532.47285524443,0.00440800282401852
5,0,disc,Santec,DC sweep,4651.48814700628,134149.258076113,1542.67392110562,0.0112065256044627
5,0,disc,Santec,DC sweep,17625.0419016076,482242.578385492,1549.29539572125,0.00599184043065354
5,0,disc,Santec,DC sweep,6128.60047500684,57434.697699437,1557.25615634115,0.163878970634756
5,0,disc,Santec,DC sweep,3105.0003375676,35316.5209684788,1586.01613766939,0.248517052004429
5,0,disc,Santec,DC sweep,11441.8865319459,92667.332948611,1601.0635481062,0.109354728365538
5,0,disc,Santec,DC sweep,4800.39680744347,187156.838381055,1610.46107935276,0.0302148740800284
5,0,disc,Santec,DC sweep,17650.9548726993,517294.514909349,1616.8499267309,0.0247532167426568
5,0,disc,Santec,DC sweep,3266.80794733678,56866.178791814,1635.45736918968,0.111601002681847
5,1,toroid,New Focus,DC sweep,26031.0980920739,116227.532311918,1033.23975659191,0.0217416948734996
5,1,toroid,New Focus,DC sweep,143384.733483008,980475.005649844,1064.7820634873,0.0618726999503067
5,1,toroid,Santec,DC sweep,11179.4454786846,351603.650164681,1481.391015445,0.00280378767987721
5,1,toroid,Santec,DC sweep,3731.3145402213,46592.8924129709,1495.41909259271,0.115654094160718
5,1,toroid,Santec,DC sweep,2026.26316464544,302758.13890655,1503.08159599406,0.0447976345852029
5,1,toroid,Santec,DC sweep,4511.9896697045,497789.161309674,1504.72252792151,0.00912368332190185
5,1,toroid,Santec,DC sweep,11175.9175523465,1411476.52130718,1505.62186569667,0.139156287232126
5,1,toroid,Santec,DC sweep,4504.01201005167,46204.3073576715,1510.79227525704,0.21037700942537
5,1,toroid,Santec,DC sweep,4173.77631438636,34718.0853906648,1515.97653825208,0.0332935008956766
5,1,toroid,Santec,DC sweep,12726.7125860459,193285.6653579,1542.90650025276,0.0078540894084654
5,1,toroid,Santec,DC sweep,13419.7316668806,420319.334171197,1544.73340488828,0.00761683145648524
5,1,toroid,Santec,DC sweep,3635.94655539031,318658.422391414,1562.47992340776,0.0127468044449807
5,1,toroid,Santec,DC sweep,19089.5097976253,329958.705564799,1570.00429397142,0.0203252589023843
5,1,toroid,Santec,DC sweep,3180.58671344603,119381.954953001,1573.52317748825,0.0203560843706898
5,1,toroid,Santec,DC sweep,3045.14394496808,14521.6353405572,1578.26143325878,0.141961482803807
5,1,toroid,Santec,DC sweep,7279.11708640725,77864.6628332714,1612.32624408616,0.0114902265514926
5,1,toroid,Santec,DC sweep,18259.0877959634,397727.598834763,1615.10505198735,0.00145372515603514
5,1,toroid,Santec,DC sweep,6302.25811528657,181777.305484416,1639.81613624562,0.000778586024927063
5,2,disc,New Focus,DC sweep,34241.3004758582,114838.870337528,1066.94670212558,5.78351218197346
5,2,disc,Santec,DC sweep,16441.6592930579,716934.923954757,1482.53094372387,0.00571349812005591
5,2,disc,Santec,DC sweep,5311.59138321066,179689.511122655,1498.869826943,0.0120227821175188
5,2,disc,Santec,DC sweep,22266.0924562425,928098.453533258,1506.39747383729,0.000952255878902604
5,2,disc,Santec,DC sweep,5795.57623487896,324088.918258912,1510.98384661516,0.014057937614899
5,2,disc,Santec,DC sweep,2938.12883843143,39259.9167519744,1513.01331269715,0.126793734551353
5,2,disc,Santec,DC sweep,17652.4727431145,1072835.75557959,1546.89566745897,0.0044477090954921
5,2,disc,Santec,DC sweep,6471.54727752918,176820.168010224,1570.13106532482,0.0214131321764617
5,2,disc,Santec,DC sweep,6008.79191535899,175728.254069563,1573.1444716082,0.0159452648237296
5,2,disc,Santec,DC sweep,6656.39717216131,28615.927205491,1579.29897084652,1.44553880167634
5,2,disc,Santec,DC sweep,15823.2482089098,691016.9658518,1617.4494661891,0.00620764872783263
5,4,disc,New Focus,DC sweep,39792.0087491513,203007.319201293,1038.31915906208,0.0341455266103354
5,4,disc,New Focus,piezo sweep,85070.5423042976,616938.468226766,1038.4165,191.390125341237
5.15,1,toroid,Santec,DC sweep,8770.15404402901,260516.990130745,1507.79338607689,0.0090490763666079
5.15,1,toroid,Santec,DC sweep,41073.8743203748,2165799.69977315,1517.92452964347,0.000929444196467434
5.15,1,toroid,Santec,DC sweep,3546.1158524357,188727.346135407,1523.6421593685,0.0132970732999716
5.15,1,toroid,Santec,DC sweep,4525.38277370916,143224.145662793,1532.59282069361,0.0299946982723614
5.15,1,toroid,Santec,DC sweep,2668.75368547649,20913.7233145106,1541.23979050983,0.322976251905733
5.15,1,toroid,Santec,DC sweep,6795.47939462365,114114.973044926,1572.28724069154,0.0478488361255328
5.15,1,toroid,Santec,DC sweep,36052.6957121498,2581999.14082389,1583.77249102328,0.000388285615324677
5.15,1,toroid,Santec,DC sweep,52208.2824482333,6783111.30999555,1583.87441002592,0.831538337382849
5.15,1,toroid,Santec,DC sweep,3131.60944987003,20336.3279167143,1608.82500950511,-1
5.15,2,disc,New Focus,DC sweep,48899.4972954448,159815.209747635,1034.28229420222,0.100628433390632
5.15,2,disc,New Focus,DC sweep,7452.17681617503,129716.313417023,1036.7227210488,0.00662327757831586
5.15,2,disc,New Focus,DC sweep,19067.9908351639,523968.069724633,1037.00713321746,0.00641306433523511
5.15,2,disc,New Focus,DC sweep,25090.2460266894,285634.908709494,1051.37929686226,-1
5.15,2,disc,Santec,DC sweep,9060.69021179937,677737.726335274,1486.12186397468,0.0021893760465194
5.15,2,disc,Santec,DC sweep,8524.70774941856,222462.211377879,1487.72279489781,0.0691902393495626
5.15,2,disc,Santec,DC sweep,3525.12247117616,58035.2642964498,1489.977278342,0.364155417550617
5.15,2,disc,Santec,DC sweep,37324.8557160137,1323593.97840577,1524.02776594415,0.0102467113802294
5.15,2,disc,Santec,DC sweep,6186.37896286893,46725.2424362234,1543.85167435875,3.18025511560512
5.15,2,disc,Santec,DC sweep,24296.2014534569,477993.753611954,1547.71296404114,0.0528202858829015
5.15,2,disc,Santec,DC sweep,8960.28932220046,24443.3472763447,1551.2933647427,0.301233888525938
5.15,2,disc,Santec,DC sweep,2946.16471069787,112937.680058617,1582.68957547936,0.00950612336173448
5.15,2,disc,Santec,DC sweep,31536.5541781261,400078.6209828,1590.30532568881,11.1446506019802
5.15,2,disc,Santec,DC sweep,27291.774494057,704138.150551008,1590.36888187994,0.26583638342956
5.15,2,disc,Santec,DC sweep,8812.95585526309,436231.063976961,1612.27677602928,-1
5.15,2,disc,Santec,DC sweep,7398.61760461822,15075.0379089958,1620.37936108202,-1
5.3,1,toroid,Santec,DC sweep,5583.89056167362,106565.605144215,1511.71052677971,0.0859076443843675
5.3,1,toroid,Santec,DC sweep,3599.89987807177,356666.82346706,1548.12975807156,0.0175653893826085
5.3,1,toroid,Santec,DC sweep,2681.01224377239,219245.22582499,1560.21092009373,0.165785826846153
5.3,1,toroid,Santec,DC sweep,34962.0419510278,1407077.06645171,1561.25902515756,0.00978227167342966
5.3,1,toroid,Santec,DC sweep,39903.3206994211,1995186.04166499,1561.30182896644,0.0457876625522339
5.3,1,toroid,Santec,DC sweep,4733.42292348343,150948.75657847,1575.9108048033,0.0277513345381601
5.3,1,toroid,Santec,DC sweep,5431.67579202958,164330.925487974,1614.66925090923,0.00343409618673208
5.3,1,toroid,Santec,DC sweep,63112.2048794551,2078007.8140512,1628.97307654231,-1
5.3,4,disc,New Focus,DC sweep,22990.0167465061,50425.4350486012,1035.2421208333,0.00286007052250525
5.3,4,disc,New Focus,DC sweep,16508.1091822143,82098.0648399644,1051.74526590154,0
5.45,1,toroid,Santec,DC sweep,7679.52416503868,203264.214590347,1480.26566371947,0.285426525562637
5.45,1,toroid,Santec,DC sweep,5422.44149936735,571380.039376234,1507.46730592443,0.00234064865941413
5.45,1,toroid,Santec,DC sweep,3011.70851056547,157321.68083062,1527.51804494832,0.0173495776841642
5.45,1,toroid,Santec,DC sweep,6380.81220809151,23189.2548227212,1541.89080656137,0.645009315833315
5.45,1,toroid,Santec,DC sweep,15776.4095231551,760316.018155059,1545.47986695345,0.0040871781953479
5.45,1,toroid,Santec,DC sweep,26475.7347297745,116665.970541028,1606.45083996019,0.207236338179993
5.45,1,toroid,Santec,DC sweep,6779.25850752055,241868.603223358,1637.16099175946,0.0352772298608972
5.45,2,disc,New Focus,DC sweep,28846.0660862471,172836.899137457,1030.54106321951,0.00624610046293623
5.45,2,disc,New Focus,DC sweep,61943.8204029086,385222.650777681,1045.82117773942,0.0108441097588357
5.45,2,disc,New Focus,DC sweep,29589.7417170142,159758.478152968,1058.89336562109,0.00581646916177193
5.45,2,disc,New Focus,piezo sweep,54774.3438508985,999371.953615336,1034.31278,0.0503909310667703
5.45,2,disc,Santec,DC sweep,11021.6946964683,141692.464309254,1486.83129639837,0.0265025641811345
5.45,2,disc,Santec,DC sweep,1005.869645574,12936.5254910629,1517.69262231784,0.381936074051124
5.45,2,disc,Santec,DC sweep,49142.6984151525,1585405.44357511,1538.4651394187,0.00252697769449319
5.45,2,disc,Santec,DC sweep,9227.21560347515,61155.7574444769,1552.98032134345,0.345817860736556
5.45,2,disc,Santec,DC sweep,18312.3758371824,543728.96070266,1601.70579813386,0.0337846273483074
5.45,2,disc,Santec,DC sweep,25888.6120808915,381311.106913431,1618.80437118598,0.0515939514502266
5.45,2,disc,Santec,DC sweep,8760.53997241811,53543.9622516201,1622.2722201012,0.592352644105104
5.6,1,toroid,Santec,DC sweep,4032.12983783582,189767.845305613,1522.14641644932,0.0465756883403405
5.6,1,toroid,Santec,DC sweep,15071.2356157499,1082755.51259465,1534.14073665299,0.0020170830622255
5.6,1,toroid,Santec,DC sweep,1209.86348864967,51195.2730733544,1549.8463836992,0.0371602984987117
5.6,1,toroid,Santec,DC sweep,3631.97938760458,157601.302457853,1555.26808064119,0.0212473844242796
5.6,1,toroid,Santec,DC sweep,4397.54454066186,538416.827306927,1582.81007712829,0.00643050165242314
5.6,1,toroid,Santec,DC sweep,5865.60952039425,53882.5611883219,1590.43430190111,0.204697368769689
5.6,1,toroid,Santec,DC sweep,7384.51690790922,839487.848561843,1593.17181684521,0.00198282552139668
5.6,2,disc,New Focus,DC sweep,26544.990453413,338788.021019882,1032.11231260438,0.00156538936561998
5.6,2,disc,New Focus,DC sweep,10775.3463646293,892396.674876769,1032.23330749458,0.0703993402063244
5.6,2,disc,New Focus,DC sweep,22924.482198938,85694.5749287056,1054.53120730521,-1
5.6,2,disc,Santec,DC sweep,9659.40132356162,439036.72822708,1519.64101353178,0.00565130674190904
5.6,2,disc,Santec,DC sweep,1009.38067400363,11044.4978725896,1549.11167495006,0.842579543392012
5.6,2,disc,Santec,DC sweep,58383.877211292,545382.857787815,1581.86044161803,0.0347855346930095
5.75,1,toroid,Santec,DC sweep,8064.06824230408,408848.660640214,1487.36187537154,0.00534785283360923
5.75,1,toroid,Santec,DC sweep,4501.02277399962,65681.540118691,1510.60044963476,0.0693743086551699
5.75,1,toroid,Santec,DC sweep,30739.1277306543,1259965.92403482,1523.32996772211,0.00242708143963165
5.75,1,toroid,Santec,DC sweep,3950.03851678521,469898.07050632,1542.40098236456,0.0107645197771623
5.75,1,toroid,Santec,DC sweep,2675.21710356438,146049.682614779,1556.32089870772,0.0214212671918301
5.75,1,toroid,Santec,DC sweep,11193.1705478169,274832.357601173,1568.16302806496,0.0137471083006598
5.75,1,toroid,Santec,DC sweep,77679.606899735,4508651.7886244,1622.0648168473,0.000835718903792702
5.75,1,toroid,Santec,DC sweep,64377.6841398798,12795137.9571165,1622.11727701228,0.00131452995385075
5.75,1,toroid,Santec,DC sweep,5324.26587697579,83084.9374814341,1637.23571654439,0.0759725846721649
5.75,2,disc,New Focus,DC sweep,16474.7997526224,319002.371778537,1049.14863923563,0.000857548238349694
5.75,2,disc,Santec,DC sweep,1533.2629377775,268239.96753517,1484.83175018617,0.0845320460047138
5.75,2,disc,Santec,DC sweep,54101.049450012,1708069.63426473,1505.99793667531,0.00144489849461351
5.75,2,disc,Santec,DC sweep,5576.09663020821,86858.5857949937,1509.31141447049,0.101990340547275
5.75,2,disc,Santec,DC sweep,2722.10230672924,510317.46169122,1521.06401931165,0.00974303802331547
5.75,2,disc,Santec,DC sweep,16511.0223206658,1245503.37182443,1527.00119809036,0.00578446677613945
5.75,2,disc,Santec,DC sweep,17535.0190515126,85445.2561338249,1571.5079184065,0.32330513129022
5.75,2,disc,Santec,DC sweep,4346.25317918389,90824.1348179069,1579.3424565563,0.102296447523162
5.75,2,disc,Santec,DC sweep,28692.446366626,4088342.89500097,1581.47678986434,0.000184043593931791
5.75,2,disc,Santec,DC sweep,36545.3154900683,934028.241913035,1625.21732023119,0.00248029355998034
5.75,2,disc,Santec,DC sweep,7922.44137649902,428883.524135828,1636.63922230961,0.0139606172784826
5.75,4,disc,New Focus,DC sweep,19608.183154546,162157.505833103,1041.83686746435,0.00299284889444642
5.75,4,disc,New Focus,DC sweep,30125.2708472116,109415.666900982,1055.71206095263,0.00509615855093784
5.75,4,disc,New Focus,DC sweep,20521.1574434459,209547.522415689,1060.20863131739,0.00147278181271028
5.75,4,disc,New Focus,DC sweep,9561.49416251295,1619897.04936489,1060.47844160298,0.00940185806590286
5.75,4,disc,New Focus,DC sweep,15380.9069835014,106129.082757214,1066.99615114344,0.00469595864403261
5.75,4,disc,New Focus,piezo sweep,19112.0253105904,129619.181137174,1041.93267899342,1.10677762654856
5.75,5,toroid,New Focus,DC sweep,27031.1306400053,408147.675689403,1044.85673584992,0.00166371706213503
5.75,5,toroid,New Focus,DC sweep,41796.3683025737,579799.641106477,1057.35693863095,0.00050987463846562
5.75,5,toroid,New Focus,DC sweep,8560.70943623317,29589.5065009146,1065.87652635504,0.0297383071123905
5.75,5,toroid,New Focus,piezo sweep,33812.4381457863,148620.47540617,1044.93866980902,0.519192948250435
5.75,7,toroid,New Focus,DC sweep,14314.958998801,91649.2772898198,1061.72586131749,0.0037046055949903
5.75,10,disc,New Focus,DC sweep,16962.1444069424,325710.701307538,1053.47111796474,0.00106550429129341
5.75,10,disc,New Focus,DC sweep,4573.71259007271,301014.429893869,1055.32700783142,0.0405000678863271
5.75,10,disc,New Focus,DC sweep,6892.09683000839,205705.082024915,1055.84220171292,0.00016152102953672
5.75,10,disc,New Focus,DC sweep,17606.5655143766,677680.849782599,1056.08448667186,0.0148555633051395
5.9,1,toroid,Santec,DC sweep,4696.07458571628,1243122.71968599,1480.3168418241,0.29774022414468
5.9,1,toroid,Santec,DC sweep,21625.866160309,4294315.09718659,1480.4998529885,0.283896685460038
5.9,1,toroid,Santec,DC sweep,1368.04232741297,17873.1338752214,1500.14724107006,0.144170364522608
5.9,1,toroid,Santec,DC sweep,2025.47450034674,57469.5617651211,1507.95200725516,0.0270765945256323
5.9,1,toroid,Santec,DC sweep,1785.6613265211,21507.1938975176,1538.76174214162,2.41430907371998
5.9,1,toroid,Santec,DC sweep,8556.42306628427,280234.102594129,1600.34988301511,0.0270790493062691
5.9,1,toroid,Santec,DC sweep,3693.32990544965,315404.976263691,1626.64157920303,0.00805152044613072
5.9,2,disc,Santec,DC sweep,8982.91761442312,255223.436039013,1487.42229673213,0.0258648939803968
5.9,2,disc,Santec,DC sweep,35577.1195258243,1352290.72182605,1505.26479644365,0.00104933160595572
5.9,2,disc,Santec,DC sweep,6190.20661394929,270797.134765882,1544.02356503737,0.0143260541260101
5.9,2,disc,Santec,DC sweep,4947.97349024379,398381.326524691,1576.7223833347,0.0219987186326942
5.9,2,disc,Santec,DC sweep,6118.0989171944,198536.776776301,1610.06301488194,0.0316718886767766
5.9,4,disc,New Focus,DC sweep,27578.5429158409,359161.043028522,1058.99839460048,0.00110197797806905
5.9,6,disc,New Focus,DC sweep,23104.8665308169,183113.974040269,1043.65101014836,0.00110352742847163
5.9,6,disc,New Focus,DC sweep,3396.4643796258,1169261.33577263,1043.87217291007,0.00445038861290595
5.9,6,disc,New Focus,DC sweep,18933.6944566554,1133041.38933027,1048.9177917655,0.00162238341506388
5.9,6,disc,New Focus,DC sweep,9996.62511780542,89101.6863343535,1057.05224660804,0.00104140950155068
5.9,6,disc,New Focus,DC sweep,7627.56281713872,274198.533538473,1057.48931212781,0.0581543988411636
5.9,6,disc,New Focus,DC sweep,21014.811525462,299290.75732298,1068.12080036035,0.00196388814129692
6.05,2,disc,New Focus,DC sweep,61454.7475459882,1036954.77021801,1039.90662,0.00919407550429292
6.05,2,disc,New Focus,piezo sweep,39618.0633278184,765747.713381437,1039.91654,0.0191822932025634
6.05,2,disc,Santec,DC sweep,1441.5636949119,13447.7711565666,1514.54542754951,0.562728927716065
6.05,2,disc,Santec,DC sweep,9822.9204844064,959801.09511055,1515.80379120312,0.00541981069614995
6.05,2,disc,Santec,DC sweep,784.860754765939,5435.06721181994,1538.83170913247,3.01782195749033
6.05,2,disc,Santec,DC sweep,3414.54748935203,323023.399100722,1596.51363982575,0.00561296431395388
6.05,2,disc,Santec,DC sweep,1259.83207067035,5522.3890121808,1601.58013612461,2.45475031939409
6.05,2,disc,Santec,DC sweep,2407.21484288237,207686.571899531,1609.88078583397,0.0239074171218618
6.05,2,disc,Santec,DC sweep,12326.7484691441,2819708.34270852,1630.65949150269,0.0319823634624257
6.05,2,disc,Santec,DC sweep,29056.2687437158,3489423.52166067,1639.19788239907,0.00500945450439607
6.05,2,disc,Santec,DC sweep,22492.0466506771,2938571.02929855,1639.51194728563,0.0138602555483726
6.05,3,toroid,New Focus,DC sweep,14251.9651013491,154892.273706696,1040.48868791124,0.00196420244274457
6.05,3,toroid,New Focus,DC sweep,3846.12119274666,808420.303540289,1040.92562113567,0.0150881435280065
6.05,3,toroid,New Focus,DC sweep,14639.2923548894,70471.7716963588,1058.4322287721,0.165493360896244
6.05,3,toroid,New Focus,DC sweep,24200.1878976374,539132.673971777,1064.80428018414,0.00137451711523939
6.05,3,toroid,New Focus,piezo sweep,55058.0090518119,694767.280084632,1040.61315,0.00255720632244093
6.05,3,toroid,New Focus,piezo sweep,53571.0998630702,1463560.43627573,1040.63478,3.71577413798757
6.05,3,toroid,Santec,DC sweep,4239.10994521197,476375.05093279,1516.69343172982,0.0117117111610559
6.05,3,toroid,Santec,DC sweep,993.800486868074,7022.50767416132,1541.10929762958,0.73251886576275
6.05,3,toroid,Santec,DC sweep,7056.57383364881,760215.49757485,1572.49264010136,0.00813533950396834
6.05,3,toroid,Santec,DC sweep,6846.06579282972,587113.860923029,1575.74944660634,0.00472734716662169
6.05,3,toroid,Santec,DC sweep,1220.66686510253,5854.93377546493,1602.9212086289,2.96405242959573
6.05,3,toroid,Santec,DC sweep,9170.59264752248,288776.795749208,1638.84214124873,0.00727327671436251
6.21,6,disc,New Focus,DC sweep,32462.0000353195,1500417.71215626,1051.55043,0.318000119556887
6.21,6,disc,Santec,DC sweep,3883.37905664439,244535.382316109,1510.06699038863,0.0483834686842958
6.21,6,disc,Santec,DC sweep,27593.4246390722,314964.406421472,1526.81268015602,0.026925251029181
6.21,6,disc,Santec,DC sweep,1101.6009426843,8779.94389978037,1530.10790890616,3.68207004367258
6.21,6,disc,Santec,DC sweep,16353.1541049833,1140034.59623606,1536.21019368777,0.00390464657312495
6.21,6,disc,Santec,DC sweep,14093.4701660778,995627.997469378,1536.38372373302,0.0380862148385642
6.21,6,disc,Santec,DC sweep,5276.11766575736,165360.703073477,1566.99129928784,0.00912417491252441
6.21,6,disc,Santec,DC sweep,33977.5690756305,287688.606402612,1579.00614798126,0.0235733633760193
6.21,6,disc,Santec,DC sweep,4109.79413725524,90796.2781576475,1592.05109400451,0.06811777397604
6.21,6,disc,Santec,DC sweep,16761.8091470039,597033.912226666,1621.8851343657,0.00177119380199106
6.21,6,disc,Santec,DC sweep,6241.01278352875,95176.0862129235,1626.75552941619,0.0920962868991391
6.21,6,disc,Santec,DC sweep,9824.69094966093,685085.851899822,1634.8383045008,0.00365285395545762
6.21,7,toroid,New Focus,DC sweep,27540.9990812348,189987.465822435,1035.40094991888,1.74693345998443
6.21,7,toroid,Santec,DC sweep,28609.0611981332,6825464.96443843,1568.89044615145,0.00362952710417921
6.36,1,toroid,Santec,DC sweep,2726.34151631401,18856.606027457,1486.34504529579,0.0269559998381499
6.36,1,toroid,Santec,DC sweep,2277.20856965644,19997.7130196023,1487.53365682085,0.0342228391492543
6.36,1,toroid,Santec,DC sweep,14396.8364703,1368735.22647611,1528.57603298651,0.00149851081551547
6.36,1,toroid,Santec,DC sweep,5888.84765804003,2518627.82333181,1528.75543235639,0.0252861406132528
6.36,1,toroid,Santec,DC sweep,2467.42426716136,69515.3773246979,1534.81296586457,0.0230605796117014
6.36,1,toroid,Santec,DC sweep,1583.61431176634,52662.8009905262,1602.88631913174,0.0285687650946043
6.36,2,disc,Santec,DC sweep,20716.2000293609,576768.316702837,1483.15931622095,0.00130914168803632
6.36,2,disc,Santec,DC sweep,23063.0438332843,433622.607289849,1483.33017735025,0.183226201943228
6.36,2,disc,Santec,DC sweep,9664.81791600718,57406.7673710075,1485.59272256084,0.00893646234240933
6.36,2,disc,Santec,DC sweep,2978.46667045886,57454.5169047536,1489.47920410242,0.01704425435341
6.36,2,disc,Santec,DC sweep,4771.20200569397,265924.064649507,1528.4850959306,0.00561514418270514
6.36,2,disc,Santec,DC sweep,1405.40459665961,49095.0195436646,1540.92542959304,0.0140814322632314
6.36,2,disc,Santec,DC sweep,2587.43184035183,194425.225007971,1550.51260048082,0.0162433269550728
6.36,2,disc,Santec,DC sweep,2748.21056680123,63376.5709501185,1584.00685024494,0.189402287895134
6.36,3,toroid,Santec,DC sweep,1481.66875461447,6885.38154436129,1482.96782687815,0.0631821038306338
6.36,3,toroid,Santec,DC sweep,10607.4295972356,36198.071219357,1485.44353025731,0.0201227925575396
6.36,3,toroid,Santec,DC sweep,2215.78981589346,43831.7504495136,1489.54785165341,0.00986881102698407
6.36,3,toroid,Santec,DC sweep,1327.42388135943,6925.55360705008,1534.2637606595,3.96176677162726
6.36,3,toroid,Santec,DC sweep,1579.67964046162,150412.366673416,1593.70765094271,0.043589227210051
6.36,4,disc,New Focus,DC sweep,27227.8985528649,423957.550750739,1057.16809018149,0.431023225420518
6.36,4,disc,Santec,DC sweep,2143.71144836798,7395.871756708,1488.99463606191,0.0364143606169603
6.36,4,disc,Santec,DC sweep,8167.86744192686,48073.2336007809,1490.65570002271,0.0107834549339285
6.36,4,disc,Santec,DC sweep,3525.3107122016,48665.277844791,1494.82444124992,0.00437949940847359
6.36,4,disc,Santec,DC sweep,3318.4317129983,183704.876220095,1528.24096731615,0.00171890599214306
6.36,4,disc,Santec,DC sweep,4655.54666100144,37489.6342968014,1538.30481444829,0.029139630297054
6.36,4,disc,Santec,DC sweep,831.163051976875,4294.23308205478,1541.40231303461,7.1192950215765
6.36,4,disc,Santec,DC sweep,7338.38565427551,116147.419596751,1589.83030628727,0.0258066821379885
6.36,5,toroid,Santec,DC sweep,79161.4377181252,4026324.37169914,1551.33594403787,0.0761483668239077
6.36,5,toroid,Santec,DC sweep,71220.517104423,9694077.038885,1551.38657324034,0.0195392176872657
6.36,6,disc,New Focus,DC sweep,22449.4449013494,481872.734032297,1065.39559366402,0.325546505505455
6.36,6,disc,Santec,DC sweep,1792.42896600128,163602.848216604,1486.56964157792,0.0100905092615878
6.36,6,disc,Santec,DC sweep,14888.3026999623,715991.791907356,1501.07502354515,0.00603509374233128
6.36,6,disc,Santec,DC sweep,51801.4515388783,1102947.48479037,1550.01107164743,0.00279120191115941
6.36,6,disc,Santec,DC sweep,9022.00598841679,324912.921694589,1602.21347276707,0.00743630629606396
6.36,6,disc,Santec,DC sweep,2618.77609161181,287716.834964314,1615.0869605268,0.0218201417135287
6.36,6,disc,Santec,DC sweep,2133.13468734485,157456.374039403,1629.00081365908,0.0231683885289465
